"image_file","brand","product","match_confidence","note"
"asian-tractor-sparc.jpg","Asian Paints","Tractor Sparc","high","Exact product packshot from source product page. Source: https://www.asianpaints.com/paint-products/interior-wall-paints/plain-finishes/tractor-sparc.html"
"asian-tractor-sparc-shine.jpg","Asian Paints","Tractor Sparc Shine","high","Exact product packshot from source product page. Source: https://www.asianpaints.com/paint-products/interior-wall-paints/plain-finishes.html"
"asian-tractor-sparc-ultra.jpg","Asian Paints","Tractor Sparc Ultra","medium","Real Asian Paints family packshot; diary variant wording differs slightly from the pack label. Source: https://www.asianpaints.com/paint-products/interior-wall-paints/plain-finishes.html"
"asian-ace-sparc.jpg","Asian Paints","Ace Sparc","high","Exact product packshot from source product page. Source: https://www.asianpaints.com/paint-products/exterior-wall-paints/ace-sparc.html"
"asian-ace-sparc-shine.jpg","Asian Paints","Ace Sparc Shine","high","Exact product packshot from source product page. Source: https://www.asianpaints.com/paint-products/exterior-wall-paints/plain-finishes.html"
"asian-ace-sparc-ultra.jpg","Asian Paints","Ace Sparc Ultra","high","Exact product packshot from source product page. Source: https://www.asianpaints.com/paint-products/exterior-wall-paints/plain-finishes.html"
"asian-tractor-emulsion.jpg","Asian Paints","Tractor Emulsion","high","Exact product packshot from source product page. Source: https://www.asianpaints.com/paint-products/interior-wall-paints/plain-finishes.html"
"asian-tractor-emulsion-ultra.jpg","Asian Paints","Tractor Emulsion Ultra","medium","Real Asian Paints family packshot; diary variant wording differs slightly from the pack label. Source: https://www.asianpaints.com/paint-products/interior-wall-paints/plain-finishes.html"
"asian-tractor-emulsion-shine.jpg","Asian Paints","Tractor Emulsion Shine","high","Exact product packshot from source product page. Source: https://www.asianpaints.com/paint-products/interior-wall-paints/plain-finishes.html"
"asian-ace-emulsion.jpg","Asian Paints","Ace Emulsion","high","Exact product packshot from source product page. Source: https://www.asianpaints.com/paint-products/exterior-wall-paints/plain-finishes.html"
"asian-ace-emulsion-ultra.jpg","Asian Paints","Ace Emulsion Ultra","medium","Real Asian Paints family packshot; diary variant wording differs slightly from the pack label. Source: https://www.asianpaints.com/paint-products/exterior-wall-paints/plain-finishes.html"
"asian-ace-emulsion-shine.jpg","Asian Paints","Ace Emulsion Shine","medium","Real Asian Paints family packshot; diary variant wording differs slightly from the pack label. Source: https://www.asianpaints.com/paint-products/exterior-wall-paints/plain-finishes.html"
"asian-apex.jpg","Asian Paints","Apex","high","Exact product packshot from source product page. Source: https://www.asianpaints.com/paint-products/exterior-wall-paints/plain-finishes.html"
"asian-apex-shine.jpg","Asian Paints","Apex Shine","high","Exact product packshot from source product page. Source: https://www.asianpaints.com/paint-products/exterior-wall-paints/plain-finishes.html"
"asian-apex-shine-ultra.jpg","Asian Paints","Apex Shine Ultra","medium","Real Asian Paints family packshot; diary variant wording differs slightly from the pack label. Source: https://www.asianpaints.com/paint-products/exterior-wall-paints/plain-finishes.html"
"asian-premium-emulsion.jpg","Asian Paints","Premium Emulsion","high","Exact Premium Emulsion can photo from Indian retailer product listing. Source: https://www.moglix.com/asian-paints-premium-emulsion-0011-gr-m1-colour-white-20-l/mp/msnid6wpjc1"
"asian-premium-all-protect-shine.jpg","Asian Paints","Premium All Protect Shine","medium","Real Asian Paints family packshot; diary variant wording differs slightly from the pack label. Source: https://www.asianpaints.com/paint-products/interior-wall-paints/plain-finishes.html"
"asian-apex-ultima.jpg","Asian Paints","Apex Ultima","high","Exact product packshot from source product page. Source: https://www.asianpaints.com/paint-products/exterior-wall-paints/apex-ultima.html"
"asian-apex-ultima-protek.jpg","Asian Paints","Apex Ultima Protek","high","Exact product packshot from source product page. Source: https://www.asianpaints.com/paint-products/exterior-wall-paints/apex-ultima-protek.html"
"asian-royal.jpg","Asian Paints","Royal","high","Exact product packshot from source product page. Source: https://www.asianpaints.com/paint-products/interior-wall-paints/plain-finishes/royale-luxury-emulsion.html"
"asian-royal-shine.jpg","Asian Paints","Royal Shine","high","Exact product packshot from source product page. Source: https://www.asianpaints.com/paint-products/interior-wall-paints/plain-finishes.html"
"asian-royal-glitz.jpg","Asian Paints","Royal Glitz","high","Exact product packshot from source product page. Source: https://www.asianpaints.com/paint-products/interior-wall-paints/plain-finishes/royale-glitz.html"
"asian-damp-proof-advanced.jpg","Asian Paints","Damp Proof Advanced","high","Exact SmartCare Damp Proof Advanced product photo from Indian retailer listing. Source: https://materialhunt.com/products/asian-paints-smartcare-damproof-advanced-white-water-thinnable-20-litre-bucket"
"indigo-distemper.webp","Indigo","Distemper","high","Exact Indigo product packshot from Indigo Paints product page. Source: https://indigopaints.com/product/acrylic-distemper-silver-series/"
"indigo-distemper-gold.webp","Indigo","Distemper Gold","high","Exact Indigo product packshot from Indigo Paints product page. Source: https://indigopaints.com/product/acrylic-distemper-gold-series/"
"indigo-interior-emulsion.webp","Indigo","Interior Emulsion","high","Exact Indigo product packshot from Indigo Paints product page. Source: https://indigopaints.com/product/interior-emulsion-silver-series/"
"indigo-interior-sheen-emulsion.webp","Indigo","Interior Sheen Emulsion","high","Exact Indigo product packshot from Indigo Paints product page. Source: https://indigopaints.com/product/interior-sheen-emulsion-silver-series/"
"indigo-exterior-emulsion-silver.jpg","Indigo","Exterior Emulsion (Silver)","high","Silver Series product photo from an Indian Indigo Paints store listing. Source: https://surajpaint.wixsite.com/surajpaintstore/product-page/indigo-exterior-emulsion"
"indigo-exterior-sheen-gold-emulsion.webp","Indigo","Exterior Sheen (Gold) Emulsion","high","Exact Indigo product packshot from Indigo Paints product page. Source: https://indigopaints.com/product/exterior-sheen-emulsion-gold/"
"indigo-xt-sheen-emulsion.webp","Indigo","XT Sheen Emulsion","high","Exact Indigo product packshot from Indigo Paints product page. Source: https://indigopaints.com/product/premium-xt-sheen-emulsion/"
"indigo-stain-free.webp","Indigo","Stain-free","medium","Indigo Stain Free Platinum Series can; the diary says Stain-free without a series. Source: https://indigopaints.com/product/stain-free-interior-emulsion/"
"indigo-luxury-emulsion.webp","Indigo","Luxury Emulsion","high","Exact Indigo product packshot from Indigo Paints product page. Source: https://indigopaints.com/"
"indigo-leak-proof-emulsion.jpg","Indigo","Leak Proof Emulsion","medium","Indigo official product spells the name Leakproof (one word). Source: https://indigopaints.com/product/leakproof-emulsion/"
"nerolac-beauty-gold-washable.jpg","Nerolac","Beauty Gold Washable","high","Matched to customer-supplied photo: WhatsApp Image 2026-10-02 at 12.20.33 PM (2).jpeg; Can label reads Beauty Gold Washable."
"nerolac-beauty-gold-washable-nxt.jpg","Nerolac","Beauty Gold Washable NXT","high","Matched to customer-supplied photo: WhatsApp Image 2026-10-02 at 12.20.31 PM.jpeg; Can label reads Beauty Gold Washable NXT."
"nerolac-beauty-little-master.jpg","Nerolac","Beauty Little Master","high","Matched to customer-supplied photo: WhatsApp Image 2026-10-02 at 12.20.30 PM.jpeg; Can label reads Beauty Little Master."
"nerolac-beauty-little-master-sheen.jpg","Nerolac","Beauty Little Master Sheen","high","Matched to customer-supplied photo: WhatsApp Image 2026-10-02 at 12.20.33 PM.jpeg; Can label reads Beauty Little Master Sheen."
"nerolac-beauty-smooth-nxt.jpg","Nerolac","Beauty Smooth NXT","high","Matched to customer-supplied photo: WhatsApp Image 2026-10-02 at 12.20.30 PM (2).jpeg; Can label reads Beauty Smooth NXT."
"nerolac-distemper.jpg","Nerolac","Distemper","high","Matched to customer-supplied photo: WhatsApp Image 2026-10-02 at 12.20.32 PM (3).jpeg; Can label reads Beauty Acrylic Distemper; brief identifies it as the Nerolac Distemper photo."
"nerolac-excel-everlast-14.jpg","Nerolac","Excel Everlast 14","high","Matched to customer-supplied photo: WhatsApp Image 2026-10-02 at 12.20.34 PM.jpeg; Can label reads Excel Everlast 14."
"nerolac-excel-mica-marble-stretch-sheen.jpg","Nerolac","Excel Mica Marble Stretch & Sheen","high","Matched to customer-supplied photo: WhatsApp Image 2026-10-02 at 12.20.32 PM (2).jpeg; Can label reads Excel Mica Marble Stretch & Sheen."
"nerolac-excel-mica-marble-stretch-sheen-nxt.jpg","Nerolac","Excel Mica Marble Stretch & Sheen NXT","high","Matched to customer-supplied photo: WhatsApp Image 2026-10-02 at 12.20.31 PM (1).jpeg; Can label reads Excel Mica Marble Stretch & Sheen NXT."
"nerolac-excel-sheen.jpg","Nerolac","Excel Sheen","high","Matched to customer-supplied photo: WhatsApp Image 2026-10-02 at 12.20.31 PM (2).jpeg; Can label reads Excel Sheen."
"nerolac-impression-sheen.jpg","Nerolac","Impression Sheen","high","Matched to customer-supplied photo: WhatsApp Image 2026-10-02 at 12.20.32 PM.jpeg; Can label reads Impressions Sheen."
"nerolac-impression-ultra-hd.jpg","Nerolac","Impression Ultra HD","high","Matched to customer-supplied photo: WhatsApp Image 2026-10-02 at 12.20.30 PM (1).jpeg; Can label reads Impressions Ultra HD."
"nerolac-surasha.jpg","Nerolac","Surasha","medium","Matched to customer-supplied photo: WhatsApp Image 2026-10-02 at 12.20.33 PM (1).jpeg; Can label reads Suraksha; matches the existing Surasha entry."
"nerolac-surasha-plus.jpg","Nerolac","Surasha Plus","medium","Matched to customer-supplied photo: WhatsApp Image 2026-10-02 at 12.20.34 PM (1).jpeg; Can label reads Suraksha Plus+; matches the existing Surasha Plus entry."
"nerolac-surasha-plus-nxt.jpg","Nerolac","Surasha Plus NXT","medium","Matched to customer-supplied photo: WhatsApp Image 2026-10-02 at 12.20.29 PM.jpeg; Can label reads Suraksha Plus+ NXT; matches the existing Surasha Plus NXT entry."
"nerolac-surasha-sheen.jpg","Nerolac","Surasha Sheen","medium","Matched to customer-supplied photo: WhatsApp Image 2026-10-02 at 12.20.32 PM (1).jpeg; Can label reads Suraksha Sheen; matches the existing Surasha Sheen entry."
"birla-putty.png","Birla","Birla Putty","high","Official Birla Opus One Pro Smooth Acrylic Putty packshot. Source: https://www.birlaopus.com/shop-wall-paint/interiors/one-pro-smooth-putty"
"birla-white-cement.jpg","Birla White","Birla White Cement","high","Official Birla White product-category image showing actual cement pack sizes. Source: https://www.birlawhite.com/en/products/white-cement"
