"brand","product","size","price","source_file","confidence","note"
"Nerolac","Distemper","1 L","70","verified brief","high",""
"Nerolac","Distemper","4 L","290","verified brief","high",""
"Nerolac","Distemper","10 L","470","verified brief","high",""
"Nerolac","Distemper","20 L","800","verified brief","high",""
"Nerolac","Beauty Little Master","1 L","145","verified brief","high",""
"Nerolac","Beauty Little Master","4 L","500","verified brief","high",""
"Nerolac","Beauty Little Master","10 L","980","verified brief","high",""
"Nerolac","Beauty Little Master","20 L","1700","verified brief","low","Needs check: 1800 crossed out in diary"
"Nerolac","Beauty Little Master Sheen","1 L","180","verified brief","high",""
"Nerolac","Beauty Little Master Sheen","4 L","700","verified brief","low","Needs check: written over in diary"
"Nerolac","Beauty Little Master Sheen","10 L","1470","verified brief","high",""
"Nerolac","Beauty Little Master Sheen","20 L","2800","verified brief","high",""
"Nerolac","Surasha","1 L","160","verified brief","high",""
"Nerolac","Surasha","4 L","600","verified brief","high",""
"Nerolac","Surasha","10 L","1200","verified brief","high",""
"Nerolac","Surasha","20 L","2200","verified brief","high",""
"Nerolac","Beauty Smooth NXT","1 L","180","verified brief","high",""
"Nerolac","Beauty Smooth NXT","4 L","720","verified brief","high",""
"Nerolac","Beauty Smooth NXT","10 L","1670","verified brief","high",""
"Nerolac","Beauty Smooth NXT","20 L","3200","verified brief","high",""
"Nerolac","Surasha Plus","1 L","220","verified brief","high",""
"Nerolac","Surasha Plus","4 L","840","verified brief","high",""
"Nerolac","Surasha Plus","10 L","1650","verified brief","high",""
"Nerolac","Surasha Plus","20 L","3000","verified brief","high",""
"Nerolac","Surasha Plus NXT","1 L","220","verified brief","high",""
"Nerolac","Surasha Plus NXT","4 L","840","verified brief","high",""
"Nerolac","Surasha Plus NXT","10 L","1780","verified brief","high",""
"Nerolac","Surasha Plus NXT","20 L","3400","verified brief","high",""
"Nerolac","Surasha Sheen","1 L","220","verified brief","high",""
"Nerolac","Surasha Sheen","4 L","840","verified brief","high",""
"Nerolac","Surasha Sheen","10 L","","verified brief","high","No price written"
"Nerolac","Surasha Sheen","20 L","","verified brief","high","No price written"
"Nerolac","Excel Sheen","1 L","350","verified brief","high",""
"Nerolac","Excel Sheen","4 L","1250","verified brief","high",""
"Nerolac","Excel Sheen","10 L","2950","verified brief","high",""
"Nerolac","Excel Sheen","20 L","","verified brief","high","No price written"
"Nerolac","Beauty Gold Washable","1 L","400","verified brief","high",""
"Nerolac","Beauty Gold Washable","4 L","1550","verified brief","high",""
"Nerolac","Beauty Gold Washable","10 L","3570","verified brief","high",""
"Nerolac","Beauty Gold Washable","20 L","6800","verified brief","high",""
"Nerolac","Beauty Gold Washable NXT","1 L","400","verified brief","high",""
"Nerolac","Beauty Gold Washable NXT","4 L","1550","verified brief","high",""
"Nerolac","Beauty Gold Washable NXT","10 L","3820","verified brief","high",""
"Nerolac","Beauty Gold Washable NXT","20 L","7500","verified brief","high",""
"Nerolac","Excel Mica Marble Stretch & Sheen","1 L","400","verified brief","high",""
"Nerolac","Excel Mica Marble Stretch & Sheen","4 L","1550","verified brief","high",""
"Nerolac","Excel Mica Marble Stretch & Sheen","10 L","3820","verified brief","high",""
"Nerolac","Excel Mica Marble Stretch & Sheen","20 L","6800","verified brief","high",""
"Nerolac","Excel Mica Marble Stretch & Sheen NXT","1 L","400","verified brief","high",""
"Nerolac","Excel Mica Marble Stretch & Sheen NXT","4 L","1550","verified brief","high",""
"Nerolac","Excel Mica Marble Stretch & Sheen NXT","10 L","3820","verified brief","high",""
"Nerolac","Excel Mica Marble Stretch & Sheen NXT","20 L","7500","verified brief","high",""
"Nerolac","Impression Sheen","1 L","520","verified brief","high",""
"Nerolac","Impression Sheen","4 L","2060","verified brief","high",""
"Nerolac","Impression Sheen","10 L","4700","verified brief","high",""
"Nerolac","Impression Sheen","20 L","9200","verified brief","high",""
"Nerolac","Impression Ultra HD","1 L","600","verified brief","high",""
"Nerolac","Impression Ultra HD","4 L","2380","verified brief","high",""
"Nerolac","Impression Ultra HD","10 L","5800","verified brief","high",""
"Nerolac","Impression Ultra HD","20 L","11400","verified brief","high",""
"Nerolac","Excel Everlast 14","1 L","600","verified brief","high",""
"Nerolac","Excel Everlast 14","4 L","2380","verified brief","high",""
"Nerolac","Excel Everlast 14","10 L","6070","verified brief","low","Needs check: diary has 610 crossed out"
"Nerolac","Excel Everlast 14","20 L","12000","verified brief","high",""
"Asian Paints","Tractor Sparc","1 L","145","WhatsApp Image 2026-10-02 at 12.37.46 PM.jpeg (Asian Paints, 31 Dec 2025)","high",""
"Asian Paints","Tractor Sparc","4 L","500","WhatsApp Image 2026-10-02 at 12.37.46 PM.jpeg (Asian Paints, 31 Dec 2025)","high",""
"Asian Paints","Tractor Sparc","10 L","980","WhatsApp Image 2026-10-02 at 12.37.46 PM.jpeg (Asian Paints, 31 Dec 2025)","high",""
"Asian Paints","Tractor Sparc","20 L","1800","WhatsApp Image 2026-10-02 at 12.37.46 PM.jpeg (Asian Paints, 31 Dec 2025)","high",""
"Asian Paints","Tractor Sparc Shine","1 L","145","WhatsApp Image 2026-10-02 at 12.37.46 PM.jpeg (Asian Paints, 31 Dec 2025)","high",""
"Asian Paints","Tractor Sparc Shine","4 L","500","WhatsApp Image 2026-10-02 at 12.37.46 PM.jpeg (Asian Paints, 31 Dec 2025)","high",""
"Asian Paints","Tractor Sparc Shine","10 L","1100","WhatsApp Image 2026-10-02 at 12.37.46 PM.jpeg (Asian Paints, 31 Dec 2025)","high",""
"Asian Paints","Tractor Sparc Shine","20 L","2000","WhatsApp Image 2026-10-02 at 12.37.46 PM.jpeg (Asian Paints, 31 Dec 2025)","high",""
"Asian Paints","Tractor Sparc Ultra","1 L","145","WhatsApp Image 2026-10-02 at 12.37.46 PM.jpeg (Asian Paints, 31 Dec 2025)","high",""
"Asian Paints","Tractor Sparc Ultra","4 L","500","WhatsApp Image 2026-10-02 at 12.37.46 PM.jpeg (Asian Paints, 31 Dec 2025)","high",""
"Asian Paints","Tractor Sparc Ultra","10 L","1100","WhatsApp Image 2026-10-02 at 12.37.46 PM.jpeg (Asian Paints, 31 Dec 2025)","high",""
"Asian Paints","Tractor Sparc Ultra","20 L","2000","WhatsApp Image 2026-10-02 at 12.37.46 PM.jpeg (Asian Paints, 31 Dec 2025)","low","20 L entry is crossed out and rewritten as 2000; confirm final rate"
"Asian Paints","Ace Sparc","1 L","160","WhatsApp Image 2026-10-02 at 12.37.46 PM.jpeg (Asian Paints, 31 Dec 2025)","high",""
"Asian Paints","Ace Sparc","4 L","600","WhatsApp Image 2026-10-02 at 12.37.46 PM.jpeg (Asian Paints, 31 Dec 2025)","high",""
"Asian Paints","Ace Sparc","10 L","1200","WhatsApp Image 2026-10-02 at 12.37.46 PM.jpeg (Asian Paints, 31 Dec 2025)","high",""
"Asian Paints","Ace Sparc","20 L","2200","WhatsApp Image 2026-10-02 at 12.37.46 PM.jpeg (Asian Paints, 31 Dec 2025)","high",""
"Asian Paints","Ace Sparc Shine","1 L","160","WhatsApp Image 2026-10-02 at 12.37.46 PM.jpeg (Asian Paints, 31 Dec 2025)","high",""
"Asian Paints","Ace Sparc Shine","4 L","600","WhatsApp Image 2026-10-02 at 12.37.46 PM.jpeg (Asian Paints, 31 Dec 2025)","high",""
"Asian Paints","Ace Sparc Shine","10 L","1300","WhatsApp Image 2026-10-02 at 12.37.46 PM.jpeg (Asian Paints, 31 Dec 2025)","high",""
"Asian Paints","Ace Sparc Shine","20 L","2400","WhatsApp Image 2026-10-02 at 12.37.46 PM.jpeg (Asian Paints, 31 Dec 2025)","high",""
"Asian Paints","Ace Sparc Ultra","1 L","160","WhatsApp Image 2026-10-02 at 12.37.46 PM.jpeg (Asian Paints, 31 Dec 2025)","high",""
"Asian Paints","Ace Sparc Ultra","4 L","600","WhatsApp Image 2026-10-02 at 12.37.46 PM.jpeg (Asian Paints, 31 Dec 2025)","high",""
"Asian Paints","Ace Sparc Ultra","10 L","1300","WhatsApp Image 2026-10-02 at 12.37.46 PM.jpeg (Asian Paints, 31 Dec 2025)","high",""
"Asian Paints","Ace Sparc Ultra","20 L","2400","WhatsApp Image 2026-10-02 at 12.37.46 PM.jpeg (Asian Paints, 31 Dec 2025)","high",""
"Asian Paints","Tractor Emulsion","1 L","180","WhatsApp Image 2026-10-02 at 12.37.46 PM.jpeg (Asian Paints, 31 Dec 2025)","high",""
"Asian Paints","Tractor Emulsion","4 L","720","WhatsApp Image 2026-10-02 at 12.37.46 PM.jpeg (Asian Paints, 31 Dec 2025)","high",""
"Asian Paints","Tractor Emulsion","10 L","1550","WhatsApp Image 2026-10-02 at 12.37.46 PM.jpeg (Asian Paints, 31 Dec 2025)","high",""
"Asian Paints","Tractor Emulsion","20 L","2950","WhatsApp Image 2026-10-02 at 12.37.46 PM.jpeg (Asian Paints, 31 Dec 2025)","low","20 L entry is crossed out and appears rewritten as 2950; confirm final rate"
"Asian Paints","Tractor Emulsion Ultra","1 L","180","WhatsApp Image 2026-10-02 at 12.37.46 PM.jpeg (Asian Paints, 31 Dec 2025)","high",""
"Asian Paints","Tractor Emulsion Ultra","4 L","720","WhatsApp Image 2026-10-02 at 12.37.46 PM.jpeg (Asian Paints, 31 Dec 2025)","high",""
"Asian Paints","Tractor Emulsion Ultra","10 L","1550","WhatsApp Image 2026-10-02 at 12.37.46 PM.jpeg (Asian Paints, 31 Dec 2025)","high",""
"Asian Paints","Tractor Emulsion Ultra","20 L","2950","WhatsApp Image 2026-10-02 at 12.37.46 PM.jpeg (Asian Paints, 31 Dec 2025)","high",""
"Asian Paints","Tractor Emulsion Shine","1 L","220","WhatsApp Image 2026-10-02 at 12.37.46 PM.jpeg (Asian Paints, 31 Dec 2025)","high",""
"Asian Paints","Tractor Emulsion Shine","4 L","840","WhatsApp Image 2026-10-02 at 12.37.46 PM.jpeg (Asian Paints, 31 Dec 2025)","high",""
"Asian Paints","Tractor Emulsion Shine","10 L","1950","WhatsApp Image 2026-10-02 at 12.37.46 PM.jpeg (Asian Paints, 31 Dec 2025)","high",""
"Asian Paints","Tractor Emulsion Shine","20 L","","WhatsApp Image 2026-10-02 at 12.37.46 PM.jpeg (Asian Paints, 31 Dec 2025)","low","20 L entry appears as 39500; unclear if this is 3950 or 39500, left blank"
"Asian Paints","Ace Emulsion","1 L","220","WhatsApp Image 2026-10-02 at 12.37.46 PM.jpeg (Asian Paints, 31 Dec 2025)","high",""
"Asian Paints","Ace Emulsion","4 L","840","WhatsApp Image 2026-10-02 at 12.37.46 PM.jpeg (Asian Paints, 31 Dec 2025)","high",""
"Asian Paints","Ace Emulsion","10 L","1950","WhatsApp Image 2026-10-02 at 12.37.46 PM.jpeg (Asian Paints, 31 Dec 2025)","high",""
"Asian Paints","Ace Emulsion","20 L","3300","WhatsApp Image 2026-10-02 at 12.37.46 PM.jpeg (Asian Paints, 31 Dec 2025)","low","20 L entry is crossed out and rewritten as 3300; confirm final rate"
"Asian Paints","Ace Emulsion Ultra","1 L","220","WhatsApp Image 2026-10-02 at 12.37.46 PM.jpeg (Asian Paints, 31 Dec 2025)","high",""
"Asian Paints","Ace Emulsion Ultra","4 L","840","WhatsApp Image 2026-10-02 at 12.37.46 PM.jpeg (Asian Paints, 31 Dec 2025)","high",""
"Asian Paints","Ace Emulsion Ultra","10 L","1950","WhatsApp Image 2026-10-02 at 12.37.46 PM.jpeg (Asian Paints, 31 Dec 2025)","high",""
"Asian Paints","Ace Emulsion Ultra","20 L","3700","WhatsApp Image 2026-10-02 at 12.37.46 PM.jpeg (Asian Paints, 31 Dec 2025)","high",""
"Asian Paints","Ace Emulsion Shine","1 L","220","WhatsApp Image 2026-10-02 at 12.37.46 PM.jpeg (Asian Paints, 31 Dec 2025)","high",""
"Asian Paints","Ace Emulsion Shine","4 L","840","WhatsApp Image 2026-10-02 at 12.37.46 PM.jpeg (Asian Paints, 31 Dec 2025)","high",""
"Asian Paints","Ace Emulsion Shine","10 L","1950","WhatsApp Image 2026-10-02 at 12.37.46 PM.jpeg (Asian Paints, 31 Dec 2025)","high",""
"Asian Paints","Ace Emulsion Shine","20 L","3800","WhatsApp Image 2026-10-02 at 12.37.46 PM.jpeg (Asian Paints, 31 Dec 2025)","high",""
"Asian Paints","Apex","1 L","350","WhatsApp Image 2026-10-02 at 12.37.46 PM.jpeg (Asian Paints, 31 Dec 2025)","high",""
"Asian Paints","Apex","4 L","1300","WhatsApp Image 2026-10-02 at 12.37.46 PM.jpeg (Asian Paints, 31 Dec 2025)","high",""
"Asian Paints","Apex","10 L","3100","WhatsApp Image 2026-10-02 at 12.37.46 PM.jpeg (Asian Paints, 31 Dec 2025)","high",""
"Asian Paints","Apex","20 L","5600","WhatsApp Image 2026-10-02 at 12.37.46 PM.jpeg (Asian Paints, 31 Dec 2025)","high",""
"Asian Paints","Apex Shine","1 L","350","WhatsApp Image 2026-10-02 at 12.37.46 PM.jpeg (Asian Paints, 31 Dec 2025)","high",""
"Asian Paints","Apex Shine","4 L","1300","WhatsApp Image 2026-10-02 at 12.37.46 PM.jpeg (Asian Paints, 31 Dec 2025)","high",""
"Asian Paints","Apex Shine","10 L","3100","WhatsApp Image 2026-10-02 at 12.37.46 PM.jpeg (Asian Paints, 31 Dec 2025)","high",""
"Asian Paints","Apex Shine","20 L","5900","WhatsApp Image 2026-10-02 at 12.37.46 PM.jpeg (Asian Paints, 31 Dec 2025)","high",""
"Asian Paints","Apex Shine Ultra","1 L","350","WhatsApp Image 2026-10-02 at 12.37.46 PM.jpeg (Asian Paints, 31 Dec 2025)","high",""
"Asian Paints","Apex Shine Ultra","4 L","1300","WhatsApp Image 2026-10-02 at 12.37.46 PM.jpeg (Asian Paints, 31 Dec 2025)","high",""
"Asian Paints","Apex Shine Ultra","10 L","3100","WhatsApp Image 2026-10-02 at 12.37.46 PM.jpeg (Asian Paints, 31 Dec 2025)","high",""
"Asian Paints","Apex Shine Ultra","20 L","5900","WhatsApp Image 2026-10-02 at 12.37.46 PM.jpeg (Asian Paints, 31 Dec 2025)","high",""
"Asian Paints","Premium Emulsion","1 L","400","WhatsApp Image 2026-10-02 at 12.37.46 PM.jpeg (Asian Paints, 31 Dec 2025)","high",""
"Asian Paints","Premium Emulsion","4 L","1550","WhatsApp Image 2026-10-02 at 12.37.46 PM.jpeg (Asian Paints, 31 Dec 2025)","high",""
"Asian Paints","Premium Emulsion","10 L","3820","WhatsApp Image 2026-10-02 at 12.37.46 PM.jpeg (Asian Paints, 31 Dec 2025)","high",""
"Asian Paints","Premium Emulsion","20 L","7250","WhatsApp Image 2026-10-02 at 12.37.46 PM.jpeg (Asian Paints, 31 Dec 2025)","high",""
"Asian Paints","Premium All Protect Shine","1 L","","WhatsApp Image 2026-10-02 at 12.37.46 PM.jpeg (Asian Paints, 31 Dec 2025)","high","No rate written; owner will update"
"Asian Paints","Premium All Protect Shine","4 L","","WhatsApp Image 2026-10-02 at 12.37.46 PM.jpeg (Asian Paints, 31 Dec 2025)","high","No rate written; owner will update"
"Asian Paints","Premium All Protect Shine","10 L","","WhatsApp Image 2026-10-02 at 12.37.46 PM.jpeg (Asian Paints, 31 Dec 2025)","high","No rate written; owner will update"
"Asian Paints","Premium All Protect Shine","20 L","","WhatsApp Image 2026-10-02 at 12.37.46 PM.jpeg (Asian Paints, 31 Dec 2025)","high","No rate written; owner will update"
"Asian Paints","Apex Ultima","1 L","","WhatsApp Image 2026-10-02 at 12.37.46 PM.jpeg (Asian Paints, 31 Dec 2025)","high","No rate written; owner will update"
"Asian Paints","Apex Ultima","4 L","","WhatsApp Image 2026-10-02 at 12.37.46 PM.jpeg (Asian Paints, 31 Dec 2025)","high","No rate written; owner will update"
"Asian Paints","Apex Ultima","10 L","","WhatsApp Image 2026-10-02 at 12.37.46 PM.jpeg (Asian Paints, 31 Dec 2025)","high","No rate written; owner will update"
"Asian Paints","Apex Ultima","20 L","","WhatsApp Image 2026-10-02 at 12.37.46 PM.jpeg (Asian Paints, 31 Dec 2025)","high","No rate written; owner will update"
"Asian Paints","Apex Ultima Protek","1 L","","WhatsApp Image 2026-10-02 at 12.37.46 PM.jpeg (Asian Paints, 31 Dec 2025)","high","No rate written; owner will update"
"Asian Paints","Apex Ultima Protek","4 L","","WhatsApp Image 2026-10-02 at 12.37.46 PM.jpeg (Asian Paints, 31 Dec 2025)","high","No rate written; owner will update"
"Asian Paints","Apex Ultima Protek","10 L","","WhatsApp Image 2026-10-02 at 12.37.46 PM.jpeg (Asian Paints, 31 Dec 2025)","high","No rate written; owner will update"
"Asian Paints","Apex Ultima Protek","20 L","","WhatsApp Image 2026-10-02 at 12.37.46 PM.jpeg (Asian Paints, 31 Dec 2025)","high","No rate written; owner will update"
"Asian Paints","Royal","1 L","","WhatsApp Image 2026-10-02 at 12.37.46 PM.jpeg (Asian Paints, 31 Dec 2025)","high","No rate written; owner will update"
"Asian Paints","Royal","4 L","","WhatsApp Image 2026-10-02 at 12.37.46 PM.jpeg (Asian Paints, 31 Dec 2025)","high","No rate written; owner will update"
"Asian Paints","Royal","10 L","","WhatsApp Image 2026-10-02 at 12.37.46 PM.jpeg (Asian Paints, 31 Dec 2025)","high","No rate written; owner will update"
"Asian Paints","Royal","20 L","","WhatsApp Image 2026-10-02 at 12.37.46 PM.jpeg (Asian Paints, 31 Dec 2025)","high","No rate written; owner will update"
"Asian Paints","Royal Shine","1 L","","WhatsApp Image 2026-10-02 at 12.37.46 PM.jpeg (Asian Paints, 31 Dec 2025)","high","No rate written; owner will update"
"Asian Paints","Royal Shine","4 L","","WhatsApp Image 2026-10-02 at 12.37.46 PM.jpeg (Asian Paints, 31 Dec 2025)","high","No rate written; owner will update"
"Asian Paints","Royal Shine","10 L","","WhatsApp Image 2026-10-02 at 12.37.46 PM.jpeg (Asian Paints, 31 Dec 2025)","high","No rate written; owner will update"
"Asian Paints","Royal Shine","20 L","","WhatsApp Image 2026-10-02 at 12.37.46 PM.jpeg (Asian Paints, 31 Dec 2025)","high","No rate written; owner will update"
"Asian Paints","Royal Glitz","1 L","","WhatsApp Image 2026-10-02 at 12.37.46 PM.jpeg (Asian Paints, 31 Dec 2025)","high","No rate written; owner will update"
"Asian Paints","Royal Glitz","4 L","","WhatsApp Image 2026-10-02 at 12.37.46 PM.jpeg (Asian Paints, 31 Dec 2025)","high","No rate written; owner will update"
"Asian Paints","Royal Glitz","10 L","","WhatsApp Image 2026-10-02 at 12.37.46 PM.jpeg (Asian Paints, 31 Dec 2025)","high","No rate written; owner will update"
"Asian Paints","Royal Glitz","20 L","","WhatsApp Image 2026-10-02 at 12.37.46 PM.jpeg (Asian Paints, 31 Dec 2025)","high","No rate written; owner will update"
"Asian Paints","Damp Proof Advanced","1 L","","WhatsApp Image 2026-10-02 at 12.37.46 PM.jpeg (Asian Paints, 31 Dec 2025)","high","No rate written; owner will update"
"Asian Paints","Damp Proof Advanced","4 L","","WhatsApp Image 2026-10-02 at 12.37.46 PM.jpeg (Asian Paints, 31 Dec 2025)","high","No rate written; owner will update"
"Asian Paints","Damp Proof Advanced","10 L","","WhatsApp Image 2026-10-02 at 12.37.46 PM.jpeg (Asian Paints, 31 Dec 2025)","high","No rate written; owner will update"
"Asian Paints","Damp Proof Advanced","20 L","","WhatsApp Image 2026-10-02 at 12.37.46 PM.jpeg (Asian Paints, 31 Dec 2025)","high","No rate written; owner will update"
"Indigo","Distemper","1 L","","WhatsApp Image 2026-10-02 at 12.37.46 PM (1).jpeg (Indigo, 30 Dec 2025)","high","No rate written; owner will update"
"Indigo","Distemper","4 L","","WhatsApp Image 2026-10-02 at 12.37.46 PM (1).jpeg (Indigo, 30 Dec 2025)","high","No rate written; owner will update"
"Indigo","Distemper","10 L","","WhatsApp Image 2026-10-02 at 12.37.46 PM (1).jpeg (Indigo, 30 Dec 2025)","high","No rate written; owner will update"
"Indigo","Distemper","20 L","","WhatsApp Image 2026-10-02 at 12.37.46 PM (1).jpeg (Indigo, 30 Dec 2025)","high","No rate written; owner will update"
"Indigo","Distemper Gold","1 L","","WhatsApp Image 2026-10-02 at 12.37.46 PM (1).jpeg (Indigo, 30 Dec 2025)","high","No rate written; owner will update"
"Indigo","Distemper Gold","4 L","","WhatsApp Image 2026-10-02 at 12.37.46 PM (1).jpeg (Indigo, 30 Dec 2025)","high","No rate written; owner will update"
"Indigo","Distemper Gold","10 L","","WhatsApp Image 2026-10-02 at 12.37.46 PM (1).jpeg (Indigo, 30 Dec 2025)","high","No rate written; owner will update"
"Indigo","Distemper Gold","20 L","","WhatsApp Image 2026-10-02 at 12.37.46 PM (1).jpeg (Indigo, 30 Dec 2025)","high","No rate written; owner will update"
"Indigo","Interior Emulsion","1 L","","WhatsApp Image 2026-10-02 at 12.37.46 PM (1).jpeg (Indigo, 30 Dec 2025)","high","No rate written; owner will update"
"Indigo","Interior Emulsion","4 L","","WhatsApp Image 2026-10-02 at 12.37.46 PM (1).jpeg (Indigo, 30 Dec 2025)","high","No rate written; owner will update"
"Indigo","Interior Emulsion","10 L","","WhatsApp Image 2026-10-02 at 12.37.46 PM (1).jpeg (Indigo, 30 Dec 2025)","high","No rate written; owner will update"
"Indigo","Interior Emulsion","20 L","","WhatsApp Image 2026-10-02 at 12.37.46 PM (1).jpeg (Indigo, 30 Dec 2025)","high","No rate written; owner will update"
"Indigo","Interior Sheen Emulsion","1 L","","WhatsApp Image 2026-10-02 at 12.37.46 PM (1).jpeg (Indigo, 30 Dec 2025)","high","No rate written; owner will update"
"Indigo","Interior Sheen Emulsion","4 L","","WhatsApp Image 2026-10-02 at 12.37.46 PM (1).jpeg (Indigo, 30 Dec 2025)","high","No rate written; owner will update"
"Indigo","Interior Sheen Emulsion","10 L","","WhatsApp Image 2026-10-02 at 12.37.46 PM (1).jpeg (Indigo, 30 Dec 2025)","high","No rate written; owner will update"
"Indigo","Interior Sheen Emulsion","20 L","","WhatsApp Image 2026-10-02 at 12.37.46 PM (1).jpeg (Indigo, 30 Dec 2025)","high","No rate written; owner will update"
"Indigo","Exterior Emulsion (Silver)","1 L","","WhatsApp Image 2026-10-02 at 12.37.46 PM (1).jpeg (Indigo, 30 Dec 2025)","high","No rate written; owner will update"
"Indigo","Exterior Emulsion (Silver)","4 L","","WhatsApp Image 2026-10-02 at 12.37.46 PM (1).jpeg (Indigo, 30 Dec 2025)","high","No rate written; owner will update"
"Indigo","Exterior Emulsion (Silver)","10 L","","WhatsApp Image 2026-10-02 at 12.37.46 PM (1).jpeg (Indigo, 30 Dec 2025)","high","No rate written; owner will update"
"Indigo","Exterior Emulsion (Silver)","20 L","","WhatsApp Image 2026-10-02 at 12.37.46 PM (1).jpeg (Indigo, 30 Dec 2025)","high","No rate written; owner will update"
"Indigo","Exterior Sheen (Gold) Emulsion","1 L","","WhatsApp Image 2026-10-02 at 12.37.46 PM (1).jpeg (Indigo, 30 Dec 2025)","high","No rate written; owner will update"
"Indigo","Exterior Sheen (Gold) Emulsion","4 L","","WhatsApp Image 2026-10-02 at 12.37.46 PM (1).jpeg (Indigo, 30 Dec 2025)","high","No rate written; owner will update"
"Indigo","Exterior Sheen (Gold) Emulsion","10 L","","WhatsApp Image 2026-10-02 at 12.37.46 PM (1).jpeg (Indigo, 30 Dec 2025)","high","No rate written; owner will update"
"Indigo","Exterior Sheen (Gold) Emulsion","20 L","","WhatsApp Image 2026-10-02 at 12.37.46 PM (1).jpeg (Indigo, 30 Dec 2025)","high","No rate written; owner will update"
"Indigo","XT Sheen Emulsion","1 L","","WhatsApp Image 2026-10-02 at 12.37.46 PM (1).jpeg (Indigo, 30 Dec 2025)","high","No rate written; owner will update"
"Indigo","XT Sheen Emulsion","4 L","","WhatsApp Image 2026-10-02 at 12.37.46 PM (1).jpeg (Indigo, 30 Dec 2025)","high","No rate written; owner will update"
"Indigo","XT Sheen Emulsion","10 L","","WhatsApp Image 2026-10-02 at 12.37.46 PM (1).jpeg (Indigo, 30 Dec 2025)","high","No rate written; owner will update"
"Indigo","XT Sheen Emulsion","20 L","","WhatsApp Image 2026-10-02 at 12.37.46 PM (1).jpeg (Indigo, 30 Dec 2025)","high","No rate written; owner will update"
"Indigo","Stain-free","1 L","","WhatsApp Image 2026-10-02 at 12.37.46 PM (1).jpeg (Indigo, 30 Dec 2025)","low","Product name appears crossed through; please confirm"
"Indigo","Stain-free","4 L","","WhatsApp Image 2026-10-02 at 12.37.46 PM (1).jpeg (Indigo, 30 Dec 2025)","low","Product name appears crossed through; please confirm"
"Indigo","Stain-free","10 L","","WhatsApp Image 2026-10-02 at 12.37.46 PM (1).jpeg (Indigo, 30 Dec 2025)","low","Product name appears crossed through; please confirm"
"Indigo","Stain-free","20 L","","WhatsApp Image 2026-10-02 at 12.37.46 PM (1).jpeg (Indigo, 30 Dec 2025)","low","Product name appears crossed through; please confirm"
"Indigo","","1 L","","WhatsApp Image 2026-10-02 at 12.37.46 PM (1).jpeg (Indigo, 30 Dec 2025)","low","Product name is unclear (handwriting appears to read Dli); rate blank"
"Indigo","","4 L","","WhatsApp Image 2026-10-02 at 12.37.46 PM (1).jpeg (Indigo, 30 Dec 2025)","low","Product name is unclear (handwriting appears to read Dli); rate blank"
"Indigo","","10 L","","WhatsApp Image 2026-10-02 at 12.37.46 PM (1).jpeg (Indigo, 30 Dec 2025)","low","Product name is unclear (handwriting appears to read Dli); rate blank"
"Indigo","","20 L","","WhatsApp Image 2026-10-02 at 12.37.46 PM (1).jpeg (Indigo, 30 Dec 2025)","low","Product name is unclear (handwriting appears to read Dli); rate blank"
"Indigo","Luxury Emulsion","1 L","","WhatsApp Image 2026-10-02 at 12.37.46 PM (1).jpeg (Indigo, 30 Dec 2025)","high","No rate written; owner will update"
"Indigo","Luxury Emulsion","4 L","","WhatsApp Image 2026-10-02 at 12.37.46 PM (1).jpeg (Indigo, 30 Dec 2025)","high","No rate written; owner will update"
"Indigo","Luxury Emulsion","10 L","","WhatsApp Image 2026-10-02 at 12.37.46 PM (1).jpeg (Indigo, 30 Dec 2025)","high","No rate written; owner will update"
"Indigo","Luxury Emulsion","20 L","","WhatsApp Image 2026-10-02 at 12.37.46 PM (1).jpeg (Indigo, 30 Dec 2025)","high","No rate written; owner will update"
"Indigo","Leak Proof Emulsion","1 L","","WhatsApp Image 2026-10-02 at 12.37.46 PM (1).jpeg (Indigo, 30 Dec 2025)","high","No rate written; owner will update"
"Indigo","Leak Proof Emulsion","4 L","","WhatsApp Image 2026-10-02 at 12.37.46 PM (1).jpeg (Indigo, 30 Dec 2025)","high","No rate written; owner will update"
"Indigo","Leak Proof Emulsion","10 L","","WhatsApp Image 2026-10-02 at 12.37.46 PM (1).jpeg (Indigo, 30 Dec 2025)","high","No rate written; owner will update"
"Indigo","Leak Proof Emulsion","20 L","","WhatsApp Image 2026-10-02 at 12.37.46 PM (1).jpeg (Indigo, 30 Dec 2025)","high","No rate written; owner will update"
